{"cameraMode":{"drawMode":0,"name":"Shaded","section":"Shading Mode"},"sceneLighting":false,"audioPlay":false,"sceneViewState":{"m_AlwaysRefresh":true,"showFog":true,"showSkybox":false,"showFlares":true,"showImageEffects":true,"showParticleSystems":true,"showVisualEffectGraphs":true,"m_FxEnabled":true},"in2DMode":false,"pivot":{"x":-1.2943058013916016,"y":1.600000023841858,"z":2.052807569503784},"rotation":{"x":0.17619478702545167,"y":-0.7066047787666321,"z":0.18895038962364198,"w":0.6588013768196106},"size":0.14557193219661714,"orthographic":false}