{"cameraMode":{"drawMode":0,"name":"Shaded","section":"Shading Mode"},"sceneLighting":false,"audioPlay":false,"sceneViewState":{"m_AlwaysRefresh":true,"showFog":true,"showSkybox":false,"showFlares":true,"showImageEffects":true,"showParticleSystems":true,"showVisualEffectGraphs":true,"m_FxEnabled":true},"in2DMode":false,"pivot":{"x":-1.7881393432617188e-7,"y":0.02499999850988388,"z":1.7881393432617188e-7},"rotation":{"x":-0.28457769751548769,"y":-0.05557128041982651,"z":0.01656341552734375,"w":-0.9569282531738281},"size":0.7075482606887817,"orthographic":false}